<?xml version="1.0" encoding="UTF-8" ?>
<!DOCTYPE mapper
        PUBLIC "-//mybatis.org//DTD Mapper 3.0//EN"
        "http://mybatis.org/dtd/mybatis-3-mapper.dtd">

<mapper namespace="com.atguigu.jxc.dao.ReturnListGoodsDao">

    <resultMap id="BaseResultMap" type="com.atguigu.jxc.entity.ReturnList">
        <result column="return_list_id" property="returnListId" jdbcType="INTEGER" />
        <result column="return_number" property="returnNumber" jdbcType="VARCHAR" />
        <result column="return_date" property="returnDate" jdbcType="VARCHAR" />
        <result column="amount_paid" property="amountPaid" jdbcType="DECIMAL" />
        <result column="amount_payable" property="amountPayable" jdbcType="DECIMAL" />
        <result column="remarks" property="remarks" jdbcType="VARCHAR" />
        <result column="state" property="state" jdbcType="INTEGER" />
        <result column="supplier_id" property="supplierId" jdbcType="INTEGER" />
        <result column="user_id" property="userId" jdbcType="INTEGER" />
        <result column="supplier_name" property="supplierName" jdbcType="VARCHAR" />
        <result column="true_name" property="trueName" jdbcType="VARCHAR" />
    </resultMap>

    <resultMap id="BaseResultMap02" type="com.atguigu.jxc.entity.ReturnListGoods">
        <result column="return_list_goods_id" property="returnListGoodsId" jdbcType="INTEGER" />
        <result column="goods_id" property="goodsId" jdbcType="INTEGER" />
        <result column="goods_code" property="goodsCode" jdbcType="VARCHAR" />
        <result column="goods_name" property="goodsName" jdbcType="VARCHAR" />
        <result column="goods_model" property="goodsModel" jdbcType="VARCHAR" />
        <result column="goods_unit" property="goodsUnit" jdbcType="VARCHAR" />
        <result column="goods_num" property="goodsNum" jdbcType="INTEGER" />
        <result column="price" property="price" jdbcType="DECIMAL" />
        <result column="total" property="total" jdbcType="DECIMAL" />
        <result column="return_list_id" property="returnListId" jdbcType="INTEGER" />
        <result column="goods_type_id" property="goodsTypeId" jdbcType="INTEGER" />
    </resultMap>

    <insert id="saveReturnList" useGeneratedKeys="true" keyProperty="returnListId" parameterType="com.atguigu.jxc.entity.ReturnList">
        INSERT INTO t_return_list
        (
        return_number, return_date, amount_paid, amount_payable,
        remarks, state, supplier_id, user_id
        )
        VALUES
        (
        #{returnNumber}, #{returnDate}, #{amountPaid}, #{amountPayable},
        #{remarks}, #{state}, #{supplierId}, #{userId}
        )
    </insert>

    <insert id="saveReturnListGoods" useGeneratedKeys="true" keyProperty="returnListGoodsId" parameterType="com.atguigu.jxc.entity.ReturnListGoods">
        INSERT INTO t_return_list_goods
        (
        goods_id, goods_code, goods_name, goods_model, goods_unit,
        goods_num, price, total, return_list_id, goods_type_id
        )
        VALUES
        (
        #{goodsId}, #{goodsCode}, #{goodsName}, #{goodsModel}, #{goodsUnit},
        #{goodsNum}, #{price}, #{total}, #{returnListId}, #{goodsTypeId}
        )
    </insert>

    <select id="getReturnlist" resultMap="BaseResultMap">
        SELECT
            t_return_list.return_list_id,
            t_return_list.return_number,
            t_return_list.return_date,
            t_return_list.amount_paid,
            t_return_list.amount_payable,
            t_return_list.remarks,
            t_return_list.state,
            t_return_list.supplier_id,
            t_return_list.user_id,
            t_supplier.supplier_name,
            t_user.true_name
        FROM
            t_return_list
        LEFT JOIN t_supplier ON t_return_list.supplier_id = t_supplier.supplier_id
        INNER JOIN t_user ON t_return_list.user_id = t_user.user_id
        <where>
            <if test="returnNumber != null and returnNumber != ''">
                AND t_return_list.return_number LIKE CONCAT('%', #{returnNumber} ,'%')
            </if>
            <if test="supplierId != null">
                AND t_return_list.supplier_id = #{supplierId}
            </if>
            <if test="state != null">
                AND t_return_list.state = #{state}
            </if>
            <if test="sTime != null and sTime != ''">
                AND t_return_list.return_date &gt;= #{sTime}
            </if>
            <if test="eTime != null and eTime != ''">
                AND t_return_list.return_date &lt;= #{eTime}
            </if>
        </where>
    </select>

    <select id="getReturnListGoodsByReturnListId" resultMap="BaseResultMap02">
        SELECT
            t_return_list_goods.return_list_goods_id,
            t_return_list_goods.goods_id,
            t_return_list_goods.goods_code,
            t_return_list_goods.goods_name,
            t_return_list_goods.goods_model,
            t_return_list_goods.goods_unit,
            t_return_list_goods.goods_num,
            t_return_list_goods.price,
            t_return_list_goods.total,
            t_return_list_goods.return_list_id,
            t_return_list_goods.goods_type_id
        FROM
            t_return_list_goods
        WHERE
            t_return_list_goods.return_list_id = #{returnListId}
    </select>

    <select id="getReturnList" resultMap="BaseResultMap">
        SELECT
            t_return_list.return_list_id,
            t_return_list.return_number,
            t_return_list.return_date,
            t_return_list.amount_paid,
            t_return_list.amount_payable,
            t_return_list.remarks,
            t_return_list.state,
            t_return_list.supplier_id,
            t_return_list.user_id
        FROM
            t_return_list
        WHERE
            return_list_id = #{returnListId}
    </select>

    <delete id="deleteReturnListById" parameterType="java.lang.Integer">
        DELETE FROM
        t_return_list
        WHERE return_list_id = #{returnListId}
    </delete>

    <delete id="deleteReturnListGoodsByReturnListId" parameterType="java.lang.Integer">
        DELETE FROM
        t_return_list_goods
        WHERE return_list_id = #{returnListId}
    </delete>

    <update id="updateState" parameterType="java.lang.Integer">
        UPDATE t_return_list
        SET state = 1
        WHERE return_list_id = #{returnListId}
    </update>

    <select id="getReturnListGoods" resultMap="BaseResultMap02">
        SELECT
            t_return_list_goods.return_list_goods_id,
            t_return_list_goods.goods_id,
            t_return_list_goods.goods_code,
            t_return_list_goods.goods_name,
            t_return_list_goods.goods_model,
            t_return_list_goods.goods_unit,
            t_return_list_goods.goods_num,
            t_return_list_goods.price,
            t_return_list_goods.total,
            t_return_list_goods.return_list_id,
            t_return_list_goods.goods_type_id,
            t_goods_type.p_id
        FROM
            t_return_list_goods
        LEFT JOIN t_goods_type ON t_return_list_goods.goods_type_id = t_goods_type.goods_type_id
        <where>
            <if test="returnListId != null">
                AND t_return_list_goods.return_list_id = #{returnListId}
            </if>
            <if test="goodsTypeId != null and goodsTypeId != 1">
                AND
                (
                t_return_list_goods.goods_type_id = #{goodsTypeId} OR
                t_goods_type.p_id = #{goodsTypeId}
                )
            </if>
            <if test="codeOrName != null and codeOrName != ''">
                AND
                (
                t_return_list_goods.goods_name LIKE CONCAT('%', #{codeOrName} ,'%') OR
                t_return_list_goods.goods_code LIKE CONCAT('%', #{codeOrName} ,'%')
                )
            </if>
        </where>
    </select>

</mapper>
